{"ID":0,"CreatedAt":"2025-07-29T04:09:21.791876+08:00","UpdatedAt":"2025-07-29T04:09:21.8691647+08:00","DeletedAt":null,"script_name":"敏感信息提取器_Bbdolt","type":"mitm","content":"# 本地开启一个提取敏感信息的服务链接为 https://github.com/Bbdolt/Sensitive_Information_Extractor\r\npacket1=`POST / HTTP/1.1\r\nContent-Type: application/json\r\nHost: 127.0.0.1:9015\r\n\r\n{\"url\": \"__url__\",\"body\": \"__body__\"}`\r\n\r\n# 添加白名单\r\nwhitelist = [\r\n    \"google.com\",\r\n    \"microsoft.com\",\r\n    \"github.com\",\r\n    \"gitlab.com\",\r\n    \"apple.com\",\r\n    \"amazon.com\",\r\n    \"cloudflare.com\",\r\n    \"akamai.com\",\r\n    \"fastly.net\",\r\n    \"facebook.com\",\r\n    \"fbcdn.net\",\r\n    \"twitter.com\",\r\n    \"linkedin.com\",\r\n    \"youtube.com\",\r\n    \"ytimg.com\",\r\n    \"gvt1.com\",\r\n    \"gvt2.com\",\r\n    \"googleapis.com\",\r\n    \"gstatic.com\",\r\n    \"firebaseio.com\",\r\n    \"slack.com\",\r\n    \"discord.com\",\r\n    \"fofa.info\",\r\n    \"hunter.io\",\r\n    \"qianxin.com\",\r\n    \"360.cn\",\r\n    \"qq.com\",\r\n    \"weixin.qq.com\",\r\n    \"baidu.com\",\r\n    \"bdstatic.com\",\r\n    \"bilibili.com\",\r\n    \"hdslb.com\",\r\n    \"sina.com.cn\",\r\n    \"weibo.com\",\r\n    \"alibaba.com\",\r\n    \"aliyun.com\",\r\n    \"taobao.com\",\r\n    \"tmall.com\",\r\n    \"jd.com\",\r\n    \"mi.com\",\r\n    \"xiaomi.com\",\r\n    \"dingtalk.com\",\r\n    \"bytedance.com\",\r\n    \"toutiao.com\",\r\n    \"douyin.com\",\r\n    \"pinduoduo.com\",\r\n    \"bing.com\",\r\n    \"skype.com\",\r\n    \"mozilla.org\",\r\n    \"ubuntu.com\",\r\n    \"debian.org\",\r\n    \"wikipedia.org\"\r\n]\r\n\r\n# mirrorHTTPFlow 会镜像所有的流量到这里，包括 .js / .css / .jpg 这类一般会被劫持程序过滤的请求\r\nmirrorHTTPFlow = func(isHttps /*bool*/, url /*string*/, req /*[]byte*/, rsp /*[]byte*/, body /*[]byte*/) {\r\n    if str.StringContainsAnyOfSubString(url, whitelist) {\r\n        return // 白名单命中，直接跳过，不做后续处理\r\n    }\r\n    url=codec.EncodeBase64(url)\r\n    body=codec.EncodeBase64(body)\r\n    packet2=packet1\r\n    packet2=str.ReplaceAll(string(packet2) /*type: string*/, \"__url__\" /*type: string*/, string(url) /*type: string*/)\r\n    packet2=str.ReplaceAll(string(packet2) /*type: string*/, \"__body__\" /*type: string*/, string(body) /*type: string*/)\r\n    rsp1, req1 = poc.HTTP(packet2)~\r\n}\r\n","level":"","params":"\"null\"","help":"将数据包（url,body）转发到本地的9015端口，由本地的服务提取敏感数据并显示出来。","author":"Bbdolt","tags":"数据处理","ignore":false,"from_local":false,"local_path":"","is_history":false,"force_interactive":false,"from_store":false,"is_general_module":false,"general_module_verbose":"","general_module_key":"","from_git":"","is_batch_script":false,"is_external":false,"enable_plugin_selector":false,"plugin_selector_types":"","online_id":32101,"online_script_name":"敏感信息提取器_Bbdolt","online_contributors":"","online_is_private":false,"user_id":16696,"uuid":"80591b41-2c88-4890-a90d-02396e8fa014","head_img":"https://avatars.githubusercontent.com/u/141733186?v=4","online_base_url":"https://www.yaklang.com","BaseOnlineId":0,"online_official":false,"online_group":"","is_core_plugin":false,"risk_type":"","risk_detail":"\"null\"","risk_annotation":"","collaborator_info":"","plugin_env_key":"","skip_update":false}